{"providers":[{"file":"char/black.png","chars":[""],"height":1,"ascent":-5000,"type":"bitmap"},{"file":"char/black.png","chars":[""],"height":2,"ascent":-5000,"type":"bitmap"},{"file":"char/black.png","chars":[""],"height":3,"ascent":-5000,"type":"bitmap"},{"file":"char/black.png","chars":[""],"height":4,"ascent":-5000,"type":"bitmap"},{"file":"char/black.png","chars":[""],"height":5,"ascent":-5000,"type":"bitmap"},{"file":"char/black.png","chars":[""],"height":6,"ascent":-5000,"type":"bitmap"},{"file":"char/black.png","chars":[""],"height":7,"ascent":-5000,"type":"bitmap"},{"file":"char/black.png","chars":[""],"height":15,"ascent":-5000,"type":"bitmap"},{"file":"char/black.png","chars":[""],"height":31,"ascent":-5000,"type":"bitmap"},{"file":"char/black.png","chars":[""],"height":63,"ascent":-5000,"type":"bitmap"},{"file":"char/black.png","chars":[""],"height":127,"ascent":-5000,"type":"bitmap"},{"file":"char/black.png","chars":[""],"height":256,"ascent":-5000,"type":"bitmap"},{"file":"char/black.png","chars":[""],"height":512,"ascent":-5000,"type":"bitmap"},{"file":"char/black.png","chars":[""],"height":1024,"ascent":-5000,"type":"bitmap"},{"file":"char/black.png","chars":[""],"height":-3,"ascent":-5000,"type":"bitmap"},{"file":"char/black.png","chars":[""],"height":-4,"ascent":-5000,"type":"bitmap"},{"file":"char/black.png","chars":[""],"height":-5,"ascent":-5000,"type":"bitmap"},{"file":"char/black.png","chars":[""],"height":-6,"ascent":-5000,"type":"bitmap"},{"file":"char/black.png","chars":[""],"height":-7,"ascent":-5000,"type":"bitmap"},{"file":"char/black.png","chars":[""],"height":-8,"ascent":-5000,"type":"bitmap"},{"file":"char/black.png","chars":[""],"height":-9,"ascent":-5000,"type":"bitmap"},{"file":"char/black.png","chars":[""],"height":-10,"ascent":-5000,"type":"bitmap"},{"file":"char/black.png","chars":[""],"height":-18,"ascent":-5000,"type":"bitmap"},{"file":"char/black.png","chars":[""],"height":-34,"ascent":-5000,"type":"bitmap"},{"file":"char/black.png","chars":[""],"height":-66,"ascent":-5000,"type":"bitmap"},{"file":"char/black.png","chars":[""],"height":-130,"ascent":-5000,"type":"bitmap"},{"file":"char/black.png","chars":[""],"height":-259,"ascent":-5000,"type":"bitmap"},{"file":"char/black.png","chars":[""],"height":-515,"ascent":-5000,"type":"bitmap"},{"file":"char/black.png","chars":[""],"height":-1027,"ascent":-5000,"type":"bitmap"},{"file":"hs:custom/font_icons/rarity_common.png","chars":["ஸ"],"height":14,"ascent":7,"type":"bitmap"},{"file":"hs:custom/font_icons/rarity_uncommon.png","chars":["஺"],"height":14,"ascent":7,"type":"bitmap"},{"file":"hs:custom/font_icons/rarity_rare.png","chars":["஺"],"height":14,"ascent":7,"type":"bitmap"},{"file":"hs:custom/font_icons/rarity_epic.png","chars":["஻"],"height":14,"ascent":7,"type":"bitmap"},{"file":"hs:custom/font_icons/rarity_legendary.png","chars":["஼"],"height":14,"ascent":7,"type":"bitmap"},{"file":"hs:custom/font_icons/rarity_mythic.png","chars":["஽"],"height":14,"ascent":7,"type":"bitmap"},{"file":"hs:custom/font_icons/rarity_divine.png","chars":["ா"],"height":14,"ascent":7,"type":"bitmap"},{"file":"hs:custom/font_icons/rank_stone.png","chars":["ி"],"height":14,"ascent":7,"type":"bitmap"},{"file":"hs:custom/font_icons/rank_iron.png","chars":["ீ"],"height":14,"ascent":7,"type":"bitmap"},{"file":"hs:custom/font_icons/rank_gold.png","chars":["ு"],"height":14,"ascent":7,"type":"bitmap"},{"file":"hs:custom/font_icons/rank_redstone.png","chars":["ூ"],"height":14,"ascent":7,"type":"bitmap"},{"file":"hs:custom/font_icons/rank_diamond.png","chars":["௃"],"height":14,"ascent":7,"type":"bitmap"},{"file":"hs:custom/font_icons/rank_emerald.png","chars":["௄"],"height":14,"ascent":7,"type":"bitmap"},{"file":"hs:custom/font_icons/rank_helper.png","chars":["௅"],"height":14,"ascent":7,"type":"bitmap"},{"file":"hs:custom/font_icons/rank_mod.png","chars":["ெ"],"height":14,"ascent":7,"type":"bitmap"},{"file":"hs:custom/font_icons/rank_admin.png","chars":["ே"],"height":14,"ascent":7,"type":"bitmap"},{"file":"hs:custom/font_icons/rank_owner.png","chars":["ை"],"height":14,"ascent":7,"type":"bitmap"},{"file":"hs:custom/region/draford.png","chars":["௉"],"height":13,"ascent":11,"type":"bitmap"},{"file":"hs:custom/region/overworld.png","chars":["ொ"],"height":14,"ascent":11,"type":"bitmap"},{"file":"hs:custom/region/nether.png","chars":["ோ"],"height":14,"ascent":11,"type":"bitmap"},{"file":"hs:custom/region/the_end.png","chars":["ௌ"],"height":14,"ascent":11,"type":"bitmap"},{"file":"hs:custom/region/coven.png","chars":["்"],"height":14,"ascent":11,"type":"bitmap"},{"file":"hs:custom/region/shop.png","chars":["௎"],"height":14,"ascent":11,"type":"bitmap"},{"file":"hs:custom/region/hall_of_fame.png","chars":["௏"],"height":14,"ascent":11,"type":"bitmap"},{"file":"hs:custom/region/ah.png","chars":["ௐ"],"height":14,"ascent":11,"type":"bitmap"},{"file":"hs:custom/region/prize_corner.png","chars":["௑"],"height":14,"ascent":11,"type":"bitmap"},{"file":"hs:custom/region/library.png","chars":["௒"],"height":14,"ascent":11,"type":"bitmap"},{"file":"hs:custom/region/dungeon_portal.png","chars":["௓"],"height":14,"ascent":11,"type":"bitmap"},{"file":"hs:custom/font_icons/tab_charactor.png","chars":["௔"],"height":11,"ascent":9,"type":"bitmap"},{"file":"hs:custom/font_icons/tab_realestate.png","chars":["௕"],"height":11,"ascent":9,"type":"bitmap"},{"file":"hs:custom/font_icons/tab_quests.png","chars":["௖"],"height":11,"ascent":9,"type":"bitmap"},{"file":"hs:custom/font_icons/hyron.png","chars":["௘"],"height":11,"ascent":9,"type":"bitmap"},{"file":"hs:custom/font_icons/hyron.png","chars":["௘"],"height":15,"ascent":11,"type":"bitmap"},{"file":"hs:custom/font_icons/coins.png","chars":["௙"],"height":15,"ascent":10,"type":"bitmap"},{"file":"hs:custom/font_icons/talk.png","chars":["௚"],"height":11,"ascent":9,"type":"bitmap"},{"file":"hs:custom/font_icons/quest.png","chars":["௛"],"height":11,"ascent":9,"type":"bitmap"},{"file":"hs:custom/font_icons/tips.png","chars":["௜"],"height":8,"ascent":7,"type":"bitmap"},{"file":"hs:custom/font_icons/boss.png","chars":["௝"],"height":10,"ascent":8,"type":"bitmap"},{"file":"hs:custom/font_icons/join.png","chars":["௞"],"height":10,"ascent":8,"type":"bitmap"},{"file":"hs:custom/font_icons/notify.png","chars":["௟"],"height":10,"ascent":8,"type":"bitmap"},{"file":"hs:custom/logo/logo.png","chars":["パ"],"height":32,"ascent":17,"type":"bitmap"},{"file":"hs:custom/gui/blacksmith/prefix.png","chars":["オ"],"height":12,"ascent":9,"type":"bitmap"},{"file":"hs:custom/gui/blacksmith/upgrade.png","chars":["ォ"],"height":12,"ascent":9,"type":"bitmap"},{"file":"hs:custom/font_icons/coins.png","chars":["௣"],"height":8,"ascent":7,"type":"bitmap"},{"file":"hs:custom/gui/custom_guis/profile.png","chars":["ఀ"],"height":256,"ascent":19,"type":"bitmap"},{"file":"hs:custom/ui/return.png","chars":["ꐬ"],"height":12,"ascent":9,"type":"bitmap"},{"file":"hs:custom/ui/advancements.png","chars":["ꐭ"],"height":12,"ascent":9,"type":"bitmap"},{"file":"hs:custom/ui/stats.png","chars":["ꐮ"],"height":12,"ascent":9,"type":"bitmap"},{"file":"hs:custom/ui/feedback.png","chars":["ꐯ"],"height":12,"ascent":9,"type":"bitmap"},{"file":"hs:custom/ui/report.png","chars":["ꐰ"],"height":12,"ascent":9,"type":"bitmap"},{"file":"hs:custom/ui/options.png","chars":["ꐱ"],"height":12,"ascent":9,"type":"bitmap"},{"file":"hs:custom/ui/playerreport.png","chars":["ꐲ"],"height":12,"ascent":9,"type":"bitmap"},{"file":"hs:required/ui/menu_banner.png","chars":["ꐑ"],"height":256,"ascent":-14,"type":"bitmap"},{"file":"hs:required/null.png","chars":["ꐡ"],"height":-3,"ascent":-32768,"type":"bitmap"},{"file":"hs:required/null.png","chars":["ꐢ"],"height":-4,"ascent":-32768,"type":"bitmap"},{"file":"hs:required/null.png","chars":["ꐣ"],"height":-6,"ascent":-32768,"type":"bitmap"},{"file":"hs:custom/space_split.png","chars":["ฦ"],"height":-10,"ascent":-32768,"type":"bitmap"},{"file":"hs:required/null.png","chars":["ꐞ"],"height":254,"ascent":-32768,"type":"bitmap"},{"file":"hs:required/null.png","chars":["ꐧ"],"height":-66,"ascent":-32768,"type":"bitmap"},{"file":"hs:required/null.png","chars":["ꐙ"],"height":6,"ascent":-32768,"type":"bitmap"},{"file":"hs:required/null.png","chars":["ꐖ"],"height":-1,"ascent":-32768,"type":"bitmap"},{"file":"hs:required/null.png","chars":["ꐤ"],"height":-10,"ascent":-32768,"type":"bitmap"},{"file":"hs:required/null.png","chars":["ꐗ"],"height":1,"ascent":-32768,"type":"bitmap"},{"file":"hs:required/null.png","chars":["ꐘ"],"height":2,"ascent":-32768,"type":"bitmap"},{"file":"hs:required/null.png","chars":["ꐛ"],"height":30,"ascent":-32768,"type":"bitmap"},{"file":"hs:required/null.png","chars":["ꐟ"],"height":510,"ascent":-32768,"type":"bitmap"},{"file":"hs:required/null.png","chars":["ꐚ"],"height":14,"ascent":-32768,"type":"bitmap"},{"file":"hs:required/null.png","chars":["ꐝ"],"height":126,"ascent":-32768,"type":"bitmap"},{"file":"hs:required/null.png","chars":["ꐩ"],"height":-258,"ascent":-32768,"type":"bitmap"},{"file":"hs:required/null.png","chars":["ꐨ"],"height":-130,"ascent":-32768,"type":"bitmap"},{"file":"hs:required/null.png","chars":["ꐥ"],"height":-18,"ascent":-32768,"type":"bitmap"},{"file":"hs:custom/abilities/doomslayer.png","chars":["ｦ"],"height":11,"ascent":9,"type":"bitmap"},{"file":"hs:custom/abilities/tradeoff.png","chars":["ｧ"],"height":11,"ascent":9,"type":"bitmap"},{"file":"hs:custom/abilities/reposition.png","chars":["ｨ"],"height":11,"ascent":9,"type":"bitmap"},{"file":"hs:custom/abilities/frail_hex.png","chars":["ｩ"],"height":11,"ascent":9,"type":"bitmap"},{"file":"hs:custom/abilities/firelord.png","chars":["ｫ"],"height":11,"ascent":9,"type":"bitmap"},{"file":"hs:custom/abilities/mystic_burst.png","chars":["ロ"],"height":11,"ascent":9,"type":"bitmap"},{"file":"hs:custom/abilities/banish.png","chars":["ｭ"],"height":11,"ascent":9,"type":"bitmap"},{"file":"hs:custom/abilities/living_flames.png","chars":["ｮ"],"height":11,"ascent":9,"type":"bitmap"},{"file":"hs:custom/abilities/evade.png","chars":["ｯ"],"height":11,"ascent":9,"type":"bitmap"},{"file":"hs:custom/abilities/focus.png","chars":["ｰ"],"height":11,"ascent":9,"type":"bitmap"},{"file":"hs:custom/abilities/necromancy.png","chars":["ｱ"],"height":11,"ascent":9,"type":"bitmap"},{"file":"hs:custom/abilities/deep_wound.png","chars":["ヅ"],"height":11,"ascent":9,"type":"bitmap"},{"file":"hs:custom/abilities/cosmic_ally.png","chars":["テ"],"height":11,"ascent":9,"type":"bitmap"},{"file":"hs:custom/abilities/ice_spikes.png","chars":["ぁ"],"height":11,"ascent":9,"type":"bitmap"},{"file":"hs:custom/abilities/frosty_trusty.png","chars":["だ"],"height":11,"ascent":9,"type":"bitmap"},{"file":"hs:custom/abilities/doppelganger.png","chars":["デ"],"height":11,"ascent":9,"type":"bitmap"},{"file":"hs:custom/abilities/adaptive.png","chars":["ヱ"],"height":11,"ascent":9,"type":"bitmap"},{"file":"hs:custom/abilities/calamitous_ray.png","chars":["ヰ"],"height":11,"ascent":9,"type":"bitmap"},{"file":"hs:custom/abilities/retribution.png","chars":["レ"],"height":11,"ascent":9,"type":"bitmap"},{"file":"hs:custom/abilities/voidborne.png","chars":["ポ"],"height":11,"ascent":9,"type":"bitmap"},{"file":"hs:custom/abilities/ritual_of_the_end.png","chars":["ヷ"],"height":11,"ascent":9,"type":"bitmap"},{"file":"hs:custom/emojis/happy.png","chars":["ぢ"],"height":11,"ascent":9,"type":"bitmap"},{"file":"hs:custom/emojis/sad.png","chars":["つ"],"height":11,"ascent":9,"type":"bitmap"},{"file":"hs:custom/emojis/neutral.png","chars":["づ"],"height":11,"ascent":9,"type":"bitmap"},{"file":"hs:custom/emojis/beard.png","chars":["て"],"height":11,"ascent":9,"type":"bitmap"},{"file":"hs:custom/emojis/haha.png","chars":["と"],"height":11,"ascent":9,"type":"bitmap"},{"file":"hs:custom/emojis/outrage.png","chars":["ど"],"height":11,"ascent":9,"type":"bitmap"},{"file":"hs:custom/emojis/annoyedbyit.png","chars":["な"],"height":11,"ascent":9,"type":"bitmap"},{"file":"hs:custom/emojis/aw.png","chars":["に"],"height":11,"ascent":9,"type":"bitmap"},{"file":"hs:custom/emojis/butbut.png","chars":["ぬ"],"height":11,"ascent":9,"type":"bitmap"},{"file":"hs:custom/emojis/butidontwantit.png","chars":["ね"],"height":11,"ascent":9,"type":"bitmap"},{"file":"hs:custom/emojis/dood.png","chars":["ろ"],"height":11,"ascent":9,"type":"bitmap"},{"file":"hs:custom/emojis/handsome.png","chars":["は"],"height":11,"ascent":9,"type":"bitmap"},{"file":"hs:custom/emojis/depressedboy.png","chars":["ば"],"height":11,"ascent":9,"type":"bitmap"},{"file":"hs:custom/emojis/chick.png","chars":["ぱ"],"height":11,"ascent":9,"type":"bitmap"},{"file":"hs:custom/emojis/iwillfuckingeatyou.png","chars":["ひ"],"height":11,"ascent":9,"type":"bitmap"},{"file":"hs:custom/emojis/sleepy.png","chars":["び"],"height":11,"ascent":9,"type":"bitmap"},{"file":"hs:custom/emojis/niceboy.png","chars":["ぴ"],"height":11,"ascent":9,"type":"bitmap"},{"file":"hs:custom/emojis/grrr.png","chars":["ふ"],"height":11,"ascent":9,"type":"bitmap"},{"file":"hs:custom/emojis/mom.png","chars":["ぶ"],"height":11,"ascent":9,"type":"bitmap"},{"file":"hs:custom/emojis/ohreally.png","chars":["ぷ"],"height":11,"ascent":9,"type":"bitmap"},{"file":"hs:custom/emojis/quiet.png","chars":["へ"],"height":11,"ascent":9,"type":"bitmap"},{"file":"hs:custom/emojis/soproud.png","chars":["べ"],"height":11,"ascent":9,"type":"bitmap"},{"file":"hs:custom/emojis/sadboy.png","chars":["ぺ"],"height":11,"ascent":9,"type":"bitmap"},{"file":"hs:custom/emojis/saywhatnow.png","chars":["ほ"],"height":11,"ascent":9,"type":"bitmap"},{"file":"hs:custom/emojis/sexy.png","chars":["ぼ"],"height":11,"ascent":9,"type":"bitmap"},{"file":"hs:custom/emojis/stunned.png","chars":["ぽ"],"height":11,"ascent":9,"type":"bitmap"},{"file":"hs:custom/emojis/tiredofit.png","chars":["み"],"height":11,"ascent":9,"type":"bitmap"},{"file":"hs:custom/emojis/triggered.png","chars":["む"],"height":11,"ascent":9,"type":"bitmap"},{"file":"hs:custom/emojis/yaranaika.png","chars":["る"],"height":11,"ascent":9,"type":"bitmap"},{"file":"hs:custom/emojis/sunglasses.png","chars":["り"],"height":11,"ascent":9,"type":"bitmap"},{"file":"hs:custom/npc/1.png","chars":["ま"],"height":46,"ascent":9,"type":"bitmap"},{"file":"hs:custom/npc/2.png","chars":["ゐ"],"height":46,"ascent":9,"type":"bitmap"},{"file":"hs:custom/npc/3.png","chars":["ん"],"height":46,"ascent":9,"type":"bitmap"},{"file":"hs:custom/npc/4.png","chars":["゠"],"height":46,"ascent":9,"type":"bitmap"},{"file":"hs:custom/npc/5.png","chars":["エ"],"height":46,"ascent":9,"type":"bitmap"},{"file":"hs:custom/npc/6.png","chars":["ウ"],"height":46,"ascent":9,"type":"bitmap"},{"file":"hs:custom/npc/8.png","chars":["ゥ"],"height":46,"ascent":9,"type":"bitmap"},{"file":"hs:custom/npc/9.png","chars":["ぐ"],"height":46,"ascent":9,"type":"bitmap"},{"file":"hs:custom/npc/10.png","chars":["く"],"height":46,"ascent":9,"type":"bitmap"},{"file":"hs:custom/npc/11.png","chars":["ヾ"],"height":46,"ascent":9,"type":"bitmap"},{"file":"hs:custom/npc/12.png","chars":["ヺ"],"height":46,"ascent":9,"type":"bitmap"},{"file":"_iainternal:gui/no_recipe.png","chars":[""],"height":170,"ascent":47,"type":"bitmap"},{"file":"_iainternal:gui/crafting.png","chars":[""],"height":170,"ascent":47,"type":"bitmap"},{"file":"_iainternal:gui/cooking.png","chars":[""],"height":170,"ascent":47,"type":"bitmap"},{"file":"_iainternal:gui/blank_menu.png","chars":[""],"height":170,"ascent":47,"type":"bitmap"},{"file":"_iainternal:gui/anvil_repair.png","chars":[""],"height":170,"ascent":47,"type":"bitmap"},{"file":"_iainternal:gui/smithing.png","chars":[""],"height":170,"ascent":47,"type":"bitmap"}]}