{"stats":{"minecraft:custom":{"minecraft:time_since_rest":553120,"minecraft:sprint_one_cm":28625,"minecraft:walk_one_cm":57293,"minecraft:drop":6,"minecraft:fly_one_cm":5238192,"minecraft:crouch_one_cm":8079,"minecraft:play_time":556550,"minecraft:deaths":1,"minecraft:sneak_time":22309,"minecraft:jump":229,"minecraft:leave_game":30,"minecraft:time_since_death":553096,"minecraft:total_world_time":723960},"minecraft:dropped":{"minecraft:lava_bucket":1,"minecraft:dirt":1,"minecraft:wooden_axe":2,"minecraft:red_wool":1,"minecraft:wooden_pickaxe":1},"minecraft:used":{"minecraft:crimson_stem":1,"minecraft:glass":1,"minecraft:netherite_block":1,"minecraft:polished_blackstone_brick_slab":122,"minecraft:lava_bucket":2516,"minecraft:crimson_fence":124,"minecraft:red_wool":8,"minecraft:birch_planks":16,"minecraft:grass_block":94,"minecraft:red_stained_glass":117,"minecraft:blackstone_stairs":2,"minecraft:red_nether_bricks":152,"minecraft:cracked_nether_bricks":6,"minecraft:stone":31,"minecraft:polished_blackstone_brick_stairs":416,"minecraft:redstone_block":3,"minecraft:red_nether_brick_stairs":91,"minecraft:gravel":9,"minecraft:cobblestone_slab":11,"minecraft:crimson_planks":24,"minecraft:crimson_nylium":5,"minecraft:stone_bricks":1,"minecraft:netherrack":88,"minecraft:polished_blackstone_bricks":543,"minecraft:red_nether_brick_slab":45,"minecraft:coal_block":161,"minecraft:crimson_fungus":6,"minecraft:dirt":20,"minecraft:redstone_lamp":1,"minecraft:magma_block":168,"minecraft:cobblestone":39,"minecraft:nether_bricks":1058,"minecraft:crimson_hyphae":1,"minecraft:nether_brick_slab":186,"minecraft:blackstone_wall":71,"minecraft:black_concrete_powder":1,"minecraft:nether_brick_stairs":41,"minecraft:bone_meal":35,"minecraft:polished_blackstone_stairs":1,"minecraft:obsidian":14},"minecraft:picked_up":{"minecraft:wooden_axe":2,"minecraft:wooden_pickaxe":1,"minecraft:sand":20,"minecraft:weeping_vines":5}},"DataVersion":2730}