{"parent":"item/generated","textures":{"layer0":"item/book"},"overrides":[{"predicate":{"custom_model_data":1},"model":"i1"},{"predicate":{"custom_model_data":2},"model":"i2"},{"predicate":{"custom_model_data":3},"model":"i3"},{"predicate":{"custom_model_data":4},"model":"i4"},{"predicate":{"custom_model_data":5},"model":"i5"},{"predicate":{"custom_model_data":6},"model":"i6"},{"predicate":{"custom_model_data":7},"model":"i7"},{"predicate":{"custom_model_data":8},"model":"i8"},{"predicate":{"custom_model_data":9},"model":"i9"},{"predicate":{"custom_model_data":10},"model":"i10"},{"predicate":{"custom_model_data":11},"model":"i11"},{"predicate":{"custom_model_data":12},"model":"i12"},{"predicate":{"custom_model_data":13},"model":"i13"},{"predicate":{"custom_model_data":14},"model":"i14"},{"predicate":{"custom_model_data":15},"model":"i15"},{"predicate":{"custom_model_data":16},"model":"i16"},{"predicate":{"custom_model_data":17},"model":"i17"},{"predicate":{"custom_model_data":18},"model":"i18"},{"predicate":{"custom_model_data":19},"model":"i19"},{"predicate":{"custom_model_data":20},"model":"i20"},{"predicate":{"custom_model_data":21},"model":"i21"},{"predicate":{"custom_model_data":22},"model":"i22"},{"predicate":{"custom_model_data":23},"model":"i23"},{"predicate":{"custom_model_data":24},"model":"i24"},{"predicate":{"custom_model_data":25},"model":"i25"},{"predicate":{"custom_model_data":26},"model":"i26"},{"predicate":{"custom_model_data":27},"model":"i27"},{"predicate":{"custom_model_data":28},"model":"i28"},{"predicate":{"custom_model_data":29},"model":"i29"},{"predicate":{"custom_model_data":30},"model":"i30"},{"predicate":{"custom_model_data":31},"model":"i31"},{"predicate":{"custom_model_data":32},"model":"i32"},{"predicate":{"custom_model_data":33},"model":"i33"},{"predicate":{"custom_model_data":34},"model":"i34"},{"predicate":{"custom_model_data":35},"model":"i35"},{"predicate":{"custom_model_data":36},"model":"i36"},{"predicate":{"custom_model_data":37},"model":"i37"},{"predicate":{"custom_model_data":38},"model":"i38"},{"predicate":{"custom_model_data":39},"model":"i39"},{"predicate":{"custom_model_data":40},"model":"i40"},{"predicate":{"custom_model_data":41},"model":"i41"},{"predicate":{"custom_model_data":42},"model":"i42"},{"predicate":{"custom_model_data":43},"model":"i43"},{"predicate":{"custom_model_data":44},"model":"i44"},{"predicate":{"custom_model_data":45},"model":"i45"},{"predicate":{"custom_model_data":46},"model":"i46"},{"predicate":{"custom_model_data":47},"model":"i47"},{"predicate":{"custom_model_data":48},"model":"i48"},{"predicate":{"custom_model_data":49},"model":"i49"},{"predicate":{"custom_model_data":50},"model":"i50"},{"predicate":{"custom_model_data":51},"model":"i51"},{"predicate":{"custom_model_data":52},"model":"i52"},{"predicate":{"custom_model_data":53},"model":"i53"},{"predicate":{"custom_model_data":54},"model":"i54"},{"predicate":{"custom_model_data":55},"model":"i55"},{"predicate":{"custom_model_data":59},"model":"i59"},{"predicate":{"custom_model_data":60},"model":"i60"},{"predicate":{"custom_model_data":61},"model":"i61"},{"predicate":{"custom_model_data":62},"model":"i62"},{"predicate":{"custom_model_data":63},"model":"i63"},{"predicate":{"custom_model_data":64},"model":"i64"},{"predicate":{"custom_model_data":65},"model":"i65"},{"predicate":{"custom_model_data":66},"model":"i66"},{"predicate":{"custom_model_data":67},"model":"i67"},{"predicate":{"custom_model_data":68},"model":"i68"},{"predicate":{"custom_model_data":69},"model":"i69"},{"predicate":{"custom_model_data":70},"model":"i70"},{"predicate":{"custom_model_data":71},"model":"i71"},{"predicate":{"custom_model_data":72},"model":"i72"},{"predicate":{"custom_model_data":73},"model":"i73"},{"predicate":{"custom_model_data":74},"model":"i74"},{"predicate":{"custom_model_data":75},"model":"i75"},{"predicate":{"custom_model_data":76},"model":"i76"},{"predicate":{"custom_model_data":77},"model":"i77"},{"predicate":{"custom_model_data":78},"model":"i78"},{"predicate":{"custom_model_data":79},"model":"i79"},{"predicate":{"custom_model_data":80},"model":"i80"},{"predicate":{"custom_model_data":81},"model":"i81"},{"predicate":{"custom_model_data":82},"model":"i82"},{"predicate":{"custom_model_data":83},"model":"i83"},{"predicate":{"custom_model_data":84},"model":"i84"},{"predicate":{"custom_model_data":85},"model":"i85"},{"predicate":{"custom_model_data":86},"model":"i86"},{"predicate":{"custom_model_data":87},"model":"i87"},{"predicate":{"custom_model_data":88},"model":"i88"},{"predicate":{"custom_model_data":89},"model":"i89"},{"predicate":{"custom_model_data":90},"model":"i90"},{"predicate":{"custom_model_data":91},"model":"i91"},{"predicate":{"custom_model_data":92},"model":"i92"},{"predicate":{"custom_model_data":93},"model":"i93"},{"predicate":{"custom_model_data":94},"model":"i94"},{"predicate":{"custom_model_data":95},"model":"i95"},{"predicate":{"custom_model_data":96},"model":"i96"},{"predicate":{"custom_model_data":97},"model":"i97"},{"predicate":{"custom_model_data":98},"model":"i98"},{"predicate":{"custom_model_data":99},"model":"i99"},{"predicate":{"custom_model_data":100},"model":"i100"},{"predicate":{"custom_model_data":102},"model":"i102"},{"predicate":{"custom_model_data":103},"model":"i103"},{"predicate":{"custom_model_data":104},"model":"i104"},{"predicate":{"custom_model_data":110},"model":"i110"}]}