{"sources":[{"type":"single","resource":"custom/items/fish/saphire_lobster"},{"type":"single","resource":"custom/region/ah"},{"type":"single","resource":"custom/gui/lands/shop"},{"type":"single","resource":"custom/gui/store/catalogue"},{"type":"single","resource":"custom/items/fish/hexified_starfish"},{"type":"single","resource":"custom/gui/lands/members"},{"type":"single","resource":"custom/items/fish/moss_mackerel"},{"type":"single","resource":"custom/gui/stats/critdamage"},{"type":"single","resource":"custom/misc/enchant"},{"type":"single","resource":"custom/gui/skills/fishing"},{"type":"single","resource":"custom/gui/settings/info"},{"type":"single","resource":"custom/items/fish/golden_eel"},{"type":"single","resource":"custom/gui/skills/combat"},{"type":"single","resource":"custom/items/minerals/titanium_ingot"},{"type":"single","resource":"custom/items/fish/golden_squid"},{"type":"single","resource":"custom/gui/stats/wisdom"},{"type":"single","resource":"_iainternal:icons/icon_next_orange"},{"type":"single","resource":"custom/gui/settings/trade"},{"type":"single","resource":"custom/items/sword/ark_of_the_cosmos"},{"type":"single","resource":"custom/blocks/crimstone_ore"},{"type":"single","resource":"custom/region/hall_of_fame"},{"type":"single","resource":"custom/items/fish/golden_jellyfish"},{"type":"single","resource":"custom/items/bow/catastrophe"},{"type":"single","resource":"custom/items/materials/catastrophe_broken"},{"type":"single","resource":"custom/gui/lands/settings"},{"type":"single","resource":"custom/items/bow/divenetto_pulling_0"},{"type":"single","resource":"custom/items/fish/lobster"},{"type":"single","resource":"custom/items/bow/divenetto_pulling_2"},{"type":"single","resource":"custom/items/fish/golden_frog"},{"type":"single","resource":"custom/items/bow/divenetto_pulling_1"},{"type":"single","resource":"custom/items/fish/eel"},{"type":"single","resource":"custom/items/materials/witch_blood"},{"type":"single","resource":"custom/items/sword/immolus"},{"type":"single","resource":"custom/gui/stats/abilitydamage"},{"type":"single","resource":"custom/misc/coming_soon"},{"type":"single","resource":"_iainternal:icons/icon_cancel"},{"type":"single","resource":"custom/items/fish/moss_salmon"},{"type":"single","resource":"custom/items/materials/exo_stone"},{"type":"single","resource":"custom/items/accessory/blue_ribbon"},{"type":"single","resource":"custom/items/materials/warden_heart"},{"type":"single","resource":"_iainternal:icons/icon_arrow_chest"},{"type":"single","resource":"custom/gui/store/rank"},{"type":"single","resource":"hs:minerals/orichalcum_ingot"},{"type":"single","resource":"custom/gui/stats/speed"},{"type":"single","resource":"custom/gui/guild/unlocked"},{"type":"single","resource":"custom/blocks/orichalcum_ore"},{"type":"single","resource":"custom/region/blacksmith"},{"type":"single","resource":"custom/gui/skills/previous"},{"type":"single","resource":"custom/items/fish/void_pearl"},{"type":"single","resource":"custom/items/fish/carp"},{"type":"single","resource":"custom/misc/power"},{"type":"single","resource":"custom/gui/skills/ability"},{"type":"single","resource":"custom/items/sword/calamity"},{"type":"single","resource":"custom/misc/update"},{"type":"single","resource":"custom/items/sword/harbinger_of_death"},{"type":"single","resource":"custom/gui/stats/defense"},{"type":"single","resource":"custom/items/fish/moss_eel"},{"type":"single","resource":"custom/gui/codex/enemy"},{"type":"single","resource":"custom/gui/stats/health"},{"type":"single","resource":"custom/region/the_other_side"},{"type":"single","resource":"custom/items/fish/saphire_pufferfish"},{"type":"single","resource":"custom/items/fish/golden_rockfish"},{"type":"single","resource":"custom/items/fish/golden_starfish"},{"type":"single","resource":"custom/items/fish/golden_carp"},{"type":"single","resource":"custom/items/fish/hexified_lobster"},{"type":"single","resource":"custom/gui/codex/region"},{"type":"single","resource":"custom/gui/skills/next"},{"type":"single","resource":"custom/items/minerals/orichalcum_ingot"},{"type":"single","resource":"custom/gui/skills/back"},{"type":"single","resource":"custom/misc/wait"},{"type":"single","resource":"custom/items/materials/uncanny_obelisk"},{"type":"single","resource":"custom/gui/skills/unlocked"},{"type":"single","resource":"custom/items/fish/hexified_squid"},{"type":"single","resource":"custom/items/dungeon_key_1"},{"type":"single","resource":"custom/items/sword/the_trickster"},{"type":"single","resource":"custom/gui/codex/boss"},{"type":"single","resource":"custom/items/fish/golden_pufferfish"},{"type":"single","resource":"custom/misc/menu"},{"type":"single","resource":"custom/gui/stats/stats"},{"type":"single","resource":"custom/gui/codex/mage"},{"type":"single","resource":"custom/items/pickaxe/titanium_drill"},{"type":"single","resource":"custom/items/materials/herald_of_the_end"},{"type":"single","resource":"custom/equipments_room/fill"},{"type":"single","resource":"custom/gui/skills/mining"},{"type":"single","resource":"custom/items/fish/moss_carp"},{"type":"single","resource":"custom/items/fish/golden_mackerel"},{"type":"single","resource":"custom/items/fish/golden_voidfish"},{"type":"single","resource":"custom/items/fish/saphire_salmon"},{"type":"single","resource":"custom/items/fish/squid"},{"type":"single","resource":"custom/gui/skills/alchemy"},{"type":"single","resource":"custom/items/bow/hospitality"},{"type":"single","resource":"custom/items/fish/saphire_jellyfish"},{"type":"single","resource":"custom/gui/lands/lands_4"},{"type":"single","resource":"custom/items/materials/blue_candycane"},{"type":"single","resource":"custom/gui/lands/lands_1"},{"type":"single","resource":"hs:pickaxes/orichalcum_pickaxe"},{"type":"single","resource":"custom/gui/codex/ravenna"},{"type":"single","resource":"custom/gui/lands/lands_3"},{"type":"single","resource":"custom/gui/settings/teleport"},{"type":"single","resource":"_iainternal:icons/icon_search"},{"type":"single","resource":"custom/gui/lands/lands_2"},{"type":"single","resource":"custom/items/bow/catastrophe_pulling_1"},{"type":"single","resource":"custom/gui/guild/guild"},{"type":"single","resource":"custom/items/bow/catastrophe_pulling_2"},{"type":"single","resource":"custom/items/fish/luminating_tissue"},{"type":"single","resource":"custom/items/accessory/woolly_hat"},{"type":"single","resource":"custom/items/bow/catastrophe_pulling_0"},{"type":"single","resource":"custom/gui/skills/foraging"},{"type":"single","resource":"custom/misc/money"},{"type":"single","resource":"custom/gui/main_menu/10"},{"type":"single","resource":"hs:pickaxes/mythril_pickaxe"},{"type":"single","resource":"custom/gui/main_menu/11"},{"type":"single","resource":"custom/region/library"},{"type":"single","resource":"hs:blocks/orichalcum_ore"},{"type":"single","resource":"custom/items/bow/divenetto"},{"type":"single","resource":"custom/gui/guild/claim"},{"type":"single","resource":"custom/items/sword/mythril_greatsword"},{"type":"single","resource":"custom/items/materials/alloy_mortello"},{"type":"single","resource":"custom/items/materials/divine_geode"},{"type":"single","resource":"custom/gui/warp/ah"},{"type":"single","resource":"custom/region/shop"},{"type":"single","resource":"custom/items/materials/withered_rose"},{"type":"single","resource":"custom/gui/skills/enchant"},{"type":"single","resource":"custom/region/draford"},{"type":"single","resource":"custom/items/materials/shard_of_true_ice"},{"type":"single","resource":"_iainternal:icons/icon_left_blue"},{"type":"single","resource":"custom/gui/skills/farming"},{"type":"single","resource":"custom/gui/stats/critchance"},{"type":"single","resource":"custom/items/materials/crate_key"},{"type":"single","resource":"custom/blocks/mythril_ore"},{"type":"single","resource":"custom/items/fish/hexified_crab"},{"type":"single","resource":"custom/gui/skills/sources"},{"type":"single","resource":"custom/gui/stats/strength"},{"type":"single","resource":"custom/misc/air"},{"type":"single","resource":"custom/gui/skills/locked"},{"type":"single","resource":"custom/items/materials/ignetto_alloy"},{"type":"single","resource":"custom/items/sword/absolute_zero"},{"type":"single","resource":"custom/items/materials/cataclysm_handle"},{"type":"single","resource":"custom/gui/stats/projectile_damage"},{"type":"single","resource":"custom/items/materials/mortos_belt"},{"type":"single","resource":"custom/region/dungeon_portal"},{"type":"single","resource":"custom/gui/warp/stadium"},{"type":"single","resource":"custom/misc/no"},{"type":"single","resource":"custom/gui/skills/defense"},{"type":"single","resource":"custom/gui/main_menu/9"},{"type":"single","resource":"custom/gui/main_menu/8"},{"type":"single","resource":"custom/gui/stats/attackspeed"},{"type":"single","resource":"custom/gui/main_menu/5"},{"type":"single","resource":"custom/gui/main_menu/4"},{"type":"single","resource":"custom/gui/main_menu/7"},{"type":"single","resource":"custom/gui/main_menu/6"},{"type":"single","resource":"custom/gui/dungeon/stats"},{"type":"single","resource":"custom/gui/main_menu/1"},{"type":"single","resource":"custom/items/materials/nightmare_fuel"},{"type":"single","resource":"custom/gui/main_menu/3"},{"type":"single","resource":"custom/gui/main_menu/2"},{"type":"single","resource":"custom/items/fish/golden_lobster"},{"type":"single","resource":"custom/gui/dungeon/coven"},{"type":"single","resource":"custom/gui/skills/archery"},{"type":"single","resource":"custom/items/fish/golden_crab"},{"type":"single","resource":"custom/items/pickaxe/orichalcum_pickaxe"},{"type":"single","resource":"custom/items/minerals/crimstone"},{"type":"single","resource":"custom/items/sword/securus"},{"type":"single","resource":"custom/items/sword/titanium_blade"},{"type":"single","resource":"custom/gui/settings/profile_2"},{"type":"single","resource":"custom/gui/settings/profile_1"},{"type":"single","resource":"custom/items/materials/hexim_necklace"},{"type":"single","resource":"custom/items/accessory/hand_warmer"},{"type":"single","resource":"hs:minerals/mythril_ingot"},{"type":"single","resource":"custom/items/materials/red_candycane"},{"type":"single","resource":"custom/items/minerals/mythril_ingot"},{"type":"single","resource":"required/particle"},{"type":"single","resource":"custom/items/fish/golden_shrimp"},{"type":"single","resource":"custom/gui/stats/damage"},{"type":"single","resource":"custom/misc/yes"},{"type":"single","resource":"custom/gui/guild/locked"},{"type":"single","resource":"custom/gui/blacksmith/upgrade"},{"type":"single","resource":"custom/items/materials/caeletus_ring"},{"type":"single","resource":"custom/items/accessory/chrismas_hat"},{"type":"single","resource":"custom/gui/stats/damagereduction"},{"type":"single","resource":"hs:blocks/titanium_ore"},{"type":"single","resource":"custom/gui/stats/luck"},{"type":"single","resource":"custom/items/staff/frigid"},{"type":"single","resource":"custom/gui/stats/regen"},{"type":"single","resource":"custom/gui/settings/tags"},{"type":"single","resource":"custom/gui/stats/weapon_damage"},{"type":"single","resource":"custom/items/fish/saphire_rockfish"},{"type":"single","resource":"custom/region/prize_corner"},{"type":"single","resource":"custom/gui/dungeon/dungeon"},{"type":"single","resource":"custom/gui/stats/tenacity"},{"type":"single","resource":"hs:blocks/mythril_ore"},{"type":"single","resource":"custom/gui/lands/lands"},{"type":"single","resource":"custom/gui/warp/draford"},{"type":"single","resource":"custom/items/materials/gem"},{"type":"single","resource":"custom/items/pickaxe/mythril_pickaxe"},{"type":"single","resource":"custom/items/sword/orichalcum_sword"},{"type":"single","resource":"custom/items/fish/crab"},{"type":"single","resource":"custom/items/fish/shrimp"},{"type":"single","resource":"custom/items/fish/hexified_voidfish"},{"type":"single","resource":"hs:minerals/titanium_ingot"},{"type":"single","resource":"_iainternal:icons/icon_back_orange"},{"type":"single","resource":"custom/items/materials/quinerus_cloak"},{"type":"single","resource":"custom/items/materials/nightmare_bar"},{"type":"single","resource":"custom/items/staff/cataclysm"},{"type":"single","resource":"custom/items/fish/heximus_flesh"},{"type":"single","resource":"_iainternal:icons/icon_right_blue"},{"type":"single","resource":"custom/items/fish/jellyfish"},{"type":"single","resource":"custom/items/fish/mackerel"},{"type":"single","resource":"required/recipe_showcase"},{"type":"single","resource":"custom/gui/stats/abilityhaste"},{"type":"single","resource":"custom/items/fish/starfish"},{"type":"single","resource":"custom/gui/lands/members_4"},{"type":"single","resource":"custom/gui/lands/members_3"},{"type":"single","resource":"custom/gui/lands/members_2"},{"type":"single","resource":"custom/gui/lands/members_1"},{"type":"single","resource":"custom/items/materials/calamity_handle"},{"type":"single","resource":"custom/blocks/titanium_ore"}]}